Datetime,Time(s),SDI12_Status,VWC,SoilTemp,Permittivity,BulkEC,PoreEC,TRHTSE_Status,TRHTSE_Temp,TRHTSE_VWC,SHT31_Status,SHT31_Temp,SHT31_RH,DFRobot1_Status,DFRobot1_Raw,DFRobot1_VWC,DFRobot1_Status_Text,DFRobot2_Status,DFRobot2_Raw,DFRobot2_VWC,DFRobot2_Status_Text
01/07/2025 13:35,15,14Acclima TR305N2.019007960,9.4,45.8,5.7,192,5630,TRHTSE_Found,34.86,14.04,SHT31_FOUND,51.12,17.72,DFROBOT1_FOUND,606,11.47304,Unknown,DFROBOT2_FOUND,560,11.5356,Dry
01/07/2025 13:50,915,,10.6,45.3,6.1,173,4583,TRHTSE_Found,,14.08,SHT31_FOUND,53.07,17.01,DFROBOT1_FOUND,595,11.4198,Unknown,DFROBOT2_FOUND,565,11.56065,Dry
01/07/2025 14:05,1816,,11,44.3,6.3,165,4231,TRHTSE_Found,27.29,14.04,SHT31_FOUND,53.3,17.33,DFROBOT1_FOUND,598,11.43432,Unknown,DFROBOT2_FOUND,559,11.53059,Dry
01/07/2025 14:20,2717,,11.1,43.3,6.4,160,4038,TRHTSE_Found,32.53,14.03,SHT31_FOUND,50.99,17.55,DFROBOT1_FOUND,591,11.40044,Unknown,DFROBOT2_FOUND,565,11.56065,Dry
01/07/2025 14:35,3618,,11,42.6,6.3,156,4000,TRHTSE_Found,33.17,13.96,SHT31_FOUND,52.43,17.47,DFROBOT1_FOUND,596,11.42464,Unknown,DFROBOT2_FOUND,565,11.56065,Dry
01/07/2025 14:50,4519,,11.1,42,6.4,154,3886,TRHTSE_Found,32.86,13.96,SHT31_FOUND,50.51,17.46,DFROBOT1_FOUND,594,11.41496,Unknown,DFROBOT2_FOUND,561,11.54061,Dry
01/07/2025 15:05,5419,,11,41.4,6.3,153,3923,TRHTSE_Found,32.65,13.84,SHT31_FOUND,51.2,17.34,DFROBOT1_FOUND,597,11.42948,Unknown,DFROBOT2_FOUND,557,11.52057,Dry
01/07/2025 15:20,6320,,11,41,6.3,152,3898,TRHTSE_Found,32.55,13.84,SHT31_FOUND,47.88,19.33,DFROBOT1_FOUND,617,11.52628,Unknown,DFROBOT2_FOUND,561,11.54061,Dry
01/07/2025 15:35,7221,,11,40.5,6.3,151,3872,TRHTSE_Found,32.33,13.84,SHT31_FOUND,45.99,20.3,DFROBOT1_FOUND,593,11.41012,Unknown,DFROBOT2_FOUND,554,11.50554,Dry
01/07/2025 15:50,8122,,11.1,40.1,6.4,150,3785,TRHTSE_Found,32.15,13.84,SHT31_FOUND,44.75,20.76,DFROBOT1_FOUND,591,11.40044,Unknown,DFROBOT2_FOUND,546,11.46546,Dry
01/07/2025 16:05,9023,,11.3,39.7,6.4,148,3676,TRHTSE_Found,31.85,13.81,SHT31_FOUND,45.13,20.75,DFROBOT1_FOUND,615,11.5166,Unknown,DFROBOT2_FOUND,560,11.5356,Dry
01/07/2025 16:20,9924,,11.1,39.4,6.4,147,3710,TRHTSE_Found,31.02,13.58,SHT31_FOUND,46.51,19.88,DFROBOT1_FOUND,593,11.41012,Unknown,DFROBOT2_FOUND,557,11.52057,Dry
01/07/2025 16:35,10825,,10.8,39,6.2,146,3805,TRHTSE_Found,31.25,13.73,SHT31_FOUND,46.2,20.08,DFROBOT1_FOUND,591,11.40044,Unknown,DFROBOT2_FOUND,549,11.48049,Dry
01/07/2025 16:50,11726,,11.1,38.8,6.4,145,3659,TRHTSE_Found,31.13,13.63,SHT31_FOUND,44.98,21.43,DFROBOT1_FOUND,587,11.38108,Unknown,DFROBOT2_FOUND,550,11.4855,Dry
01/07/2025 17:05,12626,,10.8,38.6,6.2,144,3753,TRHTSE_Found,4.94,13.67,SHT31_FOUND,42.01,24.53,DFROBOT1_FOUND,588,11.38592,Unknown,DFROBOT2_FOUND,550,11.4855,Dry
01/07/2025 17:20,13527,,11,38.3,6.3,142,3641,TRHTSE_Found,30.41,13.62,SHT31_FOUND,41.76,24.67,DFROBOT1_FOUND,585,11.3714,Unknown,DFROBOT2_FOUND,557,11.52057,Dry
01/07/2025 17:35,14428,,10.8,38,6.2,141,3674,TRHTSE_Found,21.99,13.59,SHT31_FOUND,38.87,25.79,DFROBOT1_FOUND,588,11.38592,Unknown,DFROBOT2_FOUND,551,11.49051,Dry
01/07/2025 17:50,15329,,10.4,37.7,6.1,139,3743,TRHTSE_Found,30.11,13.55,SHT31_FOUND,36.56,27.66,DFROBOT1_FOUND,590,11.3956,Unknown,DFROBOT2_FOUND,551,11.49051,Dry
01/07/2025 18:05,16230,,11,37.3,6.3,137,3513,TRHTSE_Found,29.8,13.55,SHT31_FOUND,35.41,28.89,DFROBOT1_FOUND,589,11.39076,Unknown,DFROBOT2_FOUND,549,11.48049,Dry
01/07/2025 18:20,17131,,10.6,36.9,6.1,135,3576,TRHTSE_Found,29.47,13.45,SHT31_FOUND,34.4,30,DFROBOT1_FOUND,584,11.36656,Unknown,DFROBOT2_FOUND,542,11.44542,Dry
01/07/2025 18:35,18032,,11,36.5,6.3,133,3410,TRHTSE_Found,29.08,13.37,SHT31_FOUND,33.53,31.01,DFROBOT1_FOUND,585,11.3714,Unknown,DFROBOT2_FOUND,541,11.44041,Dry
01/07/2025 18:50,18933,,10.4,36,6.1,131,3528,TRHTSE_Found,28.67,13.37,SHT31_FOUND,32.61,31.91,DFROBOT1_FOUND,579,11.34236,Unknown,DFROBOT2_FOUND,533,11.40033,Dry
01/07/2025 19:05,19833,,10.4,35.6,6.1,128,3447,TRHTSE_Found,28.22,13.26,SHT31_FOUND,31.58,33.33,DFROBOT1_FOUND,578,11.33752,Unknown,DFROBOT2_FOUND,528,11.37528,Dry
01/07/2025 19:20,20734,,10.6,35.2,6.1,127,3364,TRHTSE_Found,27.81,13.22,SHT31_FOUND,30.84,34,DFROBOT1_FOUND,573,11.31332,Unknown,DFROBOT2_FOUND,519,11.33019,Dry
01/07/2025 19:35,21635,,10.8,34.8,6.2,124,3231,TRHTSE_Found,24.04,13.21,SHT31_FOUND,30,35.32,DFROBOT1_FOUND,568,11.28912,Dry,DFROBOT2_FOUND,514,11.30514,Dry
01/07/2025 19:50,22536,,10.8,34.3,6.2,123,3205,TRHTSE_Found,27.03,13.07,SHT31_FOUND,29.36,37.44,DFROBOT1_FOUND,562,11.26008,Dry,DFROBOT2_FOUND,509,11.28009,Dry
01/07/2025 20:05,23437,,10.6,33.7,6.1,120,3179,TRHTSE_Found,26.3,13.03,SHT31_FOUND,28.67,39.15,DFROBOT1_FOUND,553,11.21652,Dry,DFROBOT2_FOUND,493,11.19993,Dry
01/07/2025 20:20,24338,,10.6,32.9,6.1,118,3126,TRHTSE_Found,25.5,12.92,SHT31_FOUND,28.39,38.55,DFROBOT1_FOUND,544,11.17296,Dry,DFROBOT2_FOUND,477,11.11977,Dry
01/07/2025 20:35,25239,,10.6,32.1,6.1,115,3046,TRHTSE_Found,24.64,12.77,SHT31_FOUND,27.8,38.51,DFROBOT1_FOUND,535,11.1294,Dry,DFROBOT2_FOUND,466,11.06466,Dry
01/07/2025 20:50,26140,,10.6,31.4,6.1,114,3020,TRHTSE_Found,24,12.7,SHT31_FOUND,27.45,40.47,DFROBOT1_FOUND,527,11.09068,Dry,DFROBOT2_FOUND,471,11.08971,Dry
01/07/2025 21:05,27040,,10.6,30.6,6.1,112,2967,TRHTSE_Found,23.38,12.59,SHT31_FOUND,26.9,40.81,DFROBOT1_FOUND,521,11.06164,Dry,DFROBOT2_FOUND,457,11.01957,Dry
01/07/2025 21:20,27941,,10.2,30.1,6,110,3012,TRHTSE_Found,22.89,12.48,SHT31_FOUND,26.79,40.88,DFROBOT1_FOUND,525,11.081,Dry,DFROBOT2_FOUND,445,10.95945,Dry
01/07/2025 21:35,28842,,10.8,29.7,6.2,109,2840,TRHTSE_Found,22.38,12.44,SHT31_FOUND,26.32,41.22,DFROBOT1_FOUND,515,11.0326,Dry,DFROBOT2_FOUND,425,10.85925,Dry
01/07/2025 21:50,29743,,10.8,29.2,6.2,109,2840,TRHTSE_Found,22.03,12.37,SHT31_FOUND,26.08,42.09,DFROBOT1_FOUND,516,11.03744,Dry,DFROBOT2_FOUND,415,10.80915,Dry
01/07/2025 22:06,30644,,10.2,28.8,6,108,2957,TRHTSE_Found,21.63,12.29,SHT31_FOUND,25.35,42.95,DFROBOT1_FOUND,506,10.98904,Dry,DFROBOT2_FOUND,409,10.77909,Dry
01/07/2025 22:21,31545,,10.2,28.5,6,107,2930,TRHTSE_Found,21.4,12.26,SHT31_FOUND,25.26,43.05,DFROBOT1_FOUND,511,11.01324,Dry,DFROBOT2_FOUND,402,10.74402,Dry
01/07/2025 22:36,32446,,10.8,28.2,6.2,106,2762,TRHTSE_Found,21.13,12.22,SHT31_FOUND,25.75,45.03,DFROBOT1_FOUND,521,11.06164,Dry,DFROBOT2_FOUND,399,10.72899,Dry
01/07/2025 22:51,33347,,10.4,28,6.1,107,2881,TRHTSE_Found,20.83,12.15,SHT31_FOUND,25.22,46.49,DFROBOT1_FOUND,507,10.99388,Dry,DFROBOT2_FOUND,386,10.66386,Dry
01/07/2025 23:06,34247,,10.4,27.6,6.1,106,2854,TRHTSE_Found,20.55,12.14,SHT31_FOUND,24.72,48.27,DFROBOT1_FOUND,502,10.96968,Dry,DFROBOT2_FOUND,386,10.66386,Dry
01/07/2025 23:21,35148,,10.4,27.4,6.1,105,2827,TRHTSE_Found,20.33,12.07,SHT31_FOUND,24.17,50.99,DFROBOT1_FOUND,524,11.07616,Dry,DFROBOT2_FOUND,378,10.62378,Wet
01/07/2025 23:36,36049,,10.6,27.2,6.1,104,2755,TRHTSE_Found,20.14,12.04,SHT31_FOUND,23.71,49.58,DFROBOT1_FOUND,493,10.92612,Dry,DFROBOT2_FOUND,383,10.64883,Dry
01/07/2025 23:51,36950,,10.6,26.9,6.1,104,2755,TRHTSE_Found,19.94,12.03,SHT31_FOUND,23.64,49.93,DFROBOT1_FOUND,499,10.95516,Dry,DFROBOT2_FOUND,383,10.64883,Dry
02/07/2025 0:06,37851,,10.4,26.8,6.1,103,2774,TRHTSE_Found,19.83,12.03,SHT31_FOUND,22.72,51.39,DFROBOT1_FOUND,498,10.95032,Dry,DFROBOT2_FOUND,389,10.67889,Dry
02/07/2025 0:21,38752,,10.8,26.6,6.2,103,2684,TRHTSE_Found,19.65,11.96,SHT31_FOUND,23.3,52.06,DFROBOT1_FOUND,495,10.9358,Dry,DFROBOT2_FOUND,388,10.67388,Dry
02/07/2025 0:36,39653,,10.8,26.4,6.2,102,2658,TRHTSE_Found,19.54,11.93,SHT31_FOUND,23.45,52.4,DFROBOT1_FOUND,491,10.91644,Dry,DFROBOT2_FOUND,389,10.67889,Dry
02/07/2025 0:51,40553,,10,26.3,5.9,102,2840,TRHTSE_Found,19.42,11.93,SHT31_FOUND,22.96,54.38,DFROBOT1_FOUND,492,10.92128,Dry,DFROBOT2_FOUND,385,10.65885,Dry
02/07/2025 1:06,41454,,10.6,26.1,6.1,102,2702,TRHTSE_Found,19.29,11.89,SHT31_FOUND,22.87,56.68,DFROBOT1_FOUND,486,10.89224,Dry,DFROBOT2_FOUND,377,10.61877,Wet
02/07/2025 1:21,42355,,10.8,26,6.2,101,2632,TRHTSE_Found,19.16,11.85,SHT31_FOUND,23.3,56.02,DFROBOT1_FOUND,485,10.8874,Dry,DFROBOT2_FOUND,375,10.60875,Wet
02/07/2025 1:36,43256,,10.8,25.8,6.2,101,2632,TRHTSE_Found,19.03,11.85,SHT31_FOUND,23.34,59.69,DFROBOT1_FOUND,475,10.839,Dry,DFROBOT2_FOUND,382,10.64382,Dry
02/07/2025 1:51,44157,,10.8,25.7,6.2,100,2606,TRHTSE_Found,18.89,11.85,SHT31_FOUND,22.61,61.6,DFROBOT1_FOUND,482,10.87288,Dry,DFROBOT2_FOUND,381,10.63881,Dry
02/07/2025 2:06,45058,,10.6,25.6,6.1,100,2649,TRHTSE_Found,18.78,11.85,SHT31_FOUND,22.74,64.81,DFROBOT1_FOUND,483,10.87772,Dry,DFROBOT2_FOUND,372,10.59372,Wet
02/07/2025 2:21,45959,,10.4,25.5,6.1,100,2693,TRHTSE_Found,18.69,11.85,SHT31_FOUND,22.26,65.88,DFROBOT1_FOUND,486,10.89224,Dry,DFROBOT2_FOUND,370,10.5837,Wet
02/07/2025 2:36,46860,,10.2,25.4,6,100,2738,TRHTSE_Found,18.62,11.78,SHT31_FOUND,21.87,69.8,DFROBOT1_FOUND,486,10.89224,Dry,DFROBOT2_FOUND,365,10.55865,Wet
02/07/2025 2:51,47760,,10.6,25.2,6.1,100,2649,TRHTSE_Found,18.51,11.74,SHT31_FOUND,22,69.3,DFROBOT1_FOUND,485,10.8874,Dry,DFROBOT2_FOUND,361,10.53861,Wet
02/07/2025 3:06,48661,,10.8,25.2,6.2,99,2580,TRHTSE_Found,18.38,11.74,SHT31_FOUND,21.35,71.97,DFROBOT1_FOUND,488,10.90192,Dry,DFROBOT2_FOUND,370,10.5837,Wet
02/07/2025 3:21,49562,,10.6,25,6.1,99,2622,TRHTSE_Found,18.31,11.75,SHT31_FOUND,20.59,71.14,DFROBOT1_FOUND,485,10.8874,Dry,DFROBOT2_FOUND,365,10.55865,Wet
02/07/2025 3:36,50463,,10.6,25,6.1,98,2596,TRHTSE_Found,18.24,11.71,SHT31_FOUND,20.73,78.12,DFROBOT1_FOUND,476,10.84384,Dry,DFROBOT2_FOUND,385,10.65885,Dry
02/07/2025 3:51,51364,,10.8,24.9,6.2,98,2554,TRHTSE_Found,18.16,11.71,SHT31_FOUND,21.01,76.01,DFROBOT1_FOUND,484,10.88256,Dry,DFROBOT2_FOUND,362,10.54362,Wet
02/07/2025 4:06,52264,,10.6,24.8,6.1,98,2596,TRHTSE_Found,18.09,11.71,SHT31_FOUND,19.98,78.95,DFROBOT1_FOUND,479,10.85836,Dry,DFROBOT2_FOUND,364,10.55364,Wet
02/07/2025 4:21,53165,,10.2,24.7,6,98,2683,TRHTSE_Found,17.97,11.71,SHT31_FOUND,20.42,78.61,DFROBOT1_FOUND,485,10.8874,Dry,DFROBOT2_FOUND,378,10.62378,Wet
02/07/2025 4:36,54066,,10.6,24.6,6.1,97,2569,TRHTSE_Found,17.91,11.72,SHT31_FOUND,21.21,73.65,DFROBOT1_FOUND,479,10.85836,Dry,DFROBOT2_FOUND,373,10.59873,Wet
02/07/2025 4:51,54967,,10.6,24.6,6.1,97,2569,TRHTSE_Found,17.83,11.68,SHT31_FOUND,21.56,72.76,DFROBOT1_FOUND,484,10.88256,Dry,DFROBOT2_FOUND,376,10.61376,Wet
02/07/2025 5:06,55868,,10.6,24.4,6.1,97,2569,TRHTSE_Found,17.76,11.68,SHT31_FOUND,21.05,79.65,DFROBOT1_FOUND,476,10.84384,Dry,DFROBOT2_FOUND,375,10.60875,Wet
02/07/2025 5:21,56768,,10.2,24.3,6,96,2628,TRHTSE_Found,17.67,11.67,SHT31_FOUND,19.61,77.3,DFROBOT1_FOUND,476,10.84384,Dry,DFROBOT2_FOUND,369,10.57869,Wet
02/07/2025 5:36,57669,,10.6,24.2,6.1,96,2543,TRHTSE_Found,17.57,11.67,SHT31_FOUND,18.98,78.5,DFROBOT1_FOUND,466,10.79544,Dry,DFROBOT2_FOUND,379,10.62879,Wet
02/07/2025 5:52,58570,,10,24.1,5.9,96,2673,TRHTSE_Found,17.48,11.67,SHT31_FOUND,19.06,83.14,DFROBOT1_FOUND,468,10.80512,Dry,DFROBOT2_FOUND,363,10.54863,Wet
02/07/2025 6:07,59471,,10.6,24,6.1,95,2516,TRHTSE_Found,17.39,11.6,SHT31_FOUND,19.93,81.59,DFROBOT1_FOUND,465,10.7906,Dry,DFROBOT2_FOUND,378,10.62378,Wet
02/07/2025 6:22,60372,,10.6,23.9,6.1,95,2516,TRHTSE_Found,17.36,11.57,SHT31_FOUND,22.13,78.94,DFROBOT1_FOUND,466,10.79544,Dry,DFROBOT2_FOUND,377,10.61877,Wet
02/07/2025 6:37,61272,,10.8,23.9,6.2,94,2449,TRHTSE_Found,17.23,11.55,SHT31_FOUND,24.71,71.79,DFROBOT1_FOUND,473,10.82932,Dry,DFROBOT2_FOUND,371,10.58871,Wet
02/07/2025 6:52,62173,,10,24,5.9,94,2617,TRHTSE_Found,17.22,11.55,SHT31_FOUND,24.96,72.06,DFROBOT1_FOUND,474,10.83416,Dry,DFROBOT2_FOUND,369,10.57869,Wet
02/07/2025 7:07,63074,,10.6,23.9,6.1,95,2516,TRHTSE_Found,17.26,11.66,SHT31_FOUND,26.4,70.34,DFROBOT1_FOUND,471,10.81964,Dry,DFROBOT2_FOUND,372,10.59372,Wet
02/07/2025 7:22,63975,,10.6,24.1,6.1,95,2516,TRHTSE_Found,17.34,11.59,SHT31_FOUND,29.53,61.75,DFROBOT1_FOUND,469,10.80996,Dry,DFROBOT2_FOUND,369,10.57869,Wet
02/07/2025 7:37,64876,,10.8,24.2,6.2,95,2476,TRHTSE_Found,17.51,11.66,SHT31_FOUND,31.47,56.97,DFROBOT1_FOUND,466,10.79544,Dry,DFROBOT2_FOUND,375,10.60875,Wet
02/07/2025 7:52,65776,,10.6,24.5,6.1,96,2543,TRHTSE_Found,17.68,11.7,SHT31_FOUND,29.84,60.28,DFROBOT1_FOUND,473,10.82932,Dry,DFROBOT2_FOUND,377,10.61877,Wet
02/07/2025 8:07,66677,,10.2,24.8,6,97,2656,TRHTSE_Found,17.92,11.7,SHT31_FOUND,34.76,48.07,DFROBOT1_FOUND,470,10.8148,Dry,DFROBOT2_FOUND,376,10.61376,Wet
02/07/2025 8:22,67578,,10.6,25.1,6.1,98,2596,TRHTSE_Found,18.16,11.73,SHT31_FOUND,37.97,42.17,DFROBOT1_FOUND,467,10.80028,Dry,DFROBOT2_FOUND,376,10.61376,Wet
02/07/2025 8:37,68479,,10.4,25.6,6.1,100,2693,TRHTSE_Found,14.08,11.73,SHT31_FOUND,38.8,40.56,DFROBOT1_FOUND,473,10.82932,Dry,DFROBOT2_FOUND,395,10.70895,Dry
02/07/2025 8:52,69380,,10.4,26.1,6.1,102,2747,TRHTSE_Found,18.76,11.84,SHT31_FOUND,38.66,39.46,DFROBOT1_FOUND,474,10.83416,Dry,DFROBOT2_FOUND,377,10.61877,Wet
02/07/2025 9:07,70281,,10.8,26.8,6.2,104,2710,TRHTSE_Found,19.14,11.89,SHT31_FOUND,42.33,34.95,DFROBOT1_FOUND,481,10.86804,Dry,DFROBOT2_FOUND,376,10.61376,Wet
02/07/2025 9:22,71181,,10.8,27.4,6.2,106,2762,TRHTSE_Found,19.96,11.96,SHT31_FOUND,41.47,35.44,DFROBOT1_FOUND,481,10.86804,Dry,DFROBOT2_FOUND,380,10.6338,Unknown
02/07/2025 9:37,72082,,10.8,28.1,6.2,109,2840,TRHTSE_Found,20.36,12.03,SHT31_FOUND,43.1,32.41,DFROBOT1_FOUND,487,10.89708,Dry,DFROBOT2_FOUND,381,10.63881,Dry
02/07/2025 9:52,72983,,10.6,28.7,6.1,111,2940,TRHTSE_Found,20.51,12.14,SHT31_FOUND,45.53,29.24,DFROBOT1_FOUND,501,10.96484,Dry,DFROBOT2_FOUND,384,10.65384,Dry
02/07/2025 10:07,73884,,10.6,29.4,6.1,114,3020,TRHTSE_Found,15.59,12.26,SHT31_FOUND,46.87,28.6,DFROBOT1_FOUND,514,11.02776,Dry,DFROBOT2_FOUND,389,10.67889,Dry
02/07/2025 10:22,74785,,11,30.1,6.3,117,3000,TRHTSE_Found,21.86,12.33,SHT31_FOUND,46.09,28.52,DFROBOT1_FOUND,518,11.04712,Dry,DFROBOT2_FOUND,396,10.71396,Dry
02/07/2025 10:37,75686,,10.8,30.8,6.2,120,3127,TRHTSE_Found,22.78,12.44,SHT31_FOUND,48.15,26.4,DFROBOT1_FOUND,520,11.0568,Dry,DFROBOT2_FOUND,402,10.74402,Dry
02/07/2025 10:52,76587,,11,31.7,6.3,123,3154,TRHTSE_Found,23.22,12.51,SHT31_FOUND,48.43,26.37,DFROBOT1_FOUND,530,11.1052,Dry,DFROBOT2_FOUND,413,10.79913,Dry
02/07/2025 11:07,77488,,10.8,32.6,6.2,127,3310,TRHTSE_Found,24.39,12.63,SHT31_FOUND,44.85,28.22,DFROBOT1_FOUND,535,11.1294,Dry,DFROBOT2_FOUND,426,10.86426,Dry
02/07/2025 11:22,78388,,11,33.4,6.3,132,3385,TRHTSE_Found,25.15,12.77,SHT31_FOUND,51.63,23.76,DFROBOT1_FOUND,546,11.18264,Dry,DFROBOT2_FOUND,428,10.87428,Dry
02/07/2025 11:37,79289,,11.1,34.3,6.4,136,3432,TRHTSE_Found,25.92,12.93,SHT31_FOUND,50.31,23.76,DFROBOT1_FOUND,558,11.24072,Dry,DFROBOT2_FOUND,456,11.01456,Dry
02/07/2025 11:52,80190,,11.1,35.2,6.4,140,3533,TRHTSE_Found,23.64,13.07,SHT31_FOUND,50.78,23.1,DFROBOT1_FOUND,562,11.26008,Dry,DFROBOT2_FOUND,471,11.08971,Dry
02/07/2025 12:07,81091,,11.1,36,6.4,144,3634,TRHTSE_Found,,13.22,SHT31_FOUND,50.61,22.63,DFROBOT1_FOUND,563,11.26492,Dry,DFROBOT2_FOUND,487,11.16987,Dry
02/07/2025 12:22,81992,,11.1,36.8,6.4,148,3735,TRHTSE_Found,27.64,13.4,SHT31_FOUND,49.88,22.81,DFROBOT1_FOUND,561,11.25524,Dry,DFROBOT2_FOUND,495,11.20995,Dry
02/07/2025 12:37,82893,,11.5,37.7,6.5,152,3717,TRHTSE_Found,28.9,13.51,SHT31_FOUND,51.88,21.73,DFROBOT1_FOUND,563,11.26492,Dry,DFROBOT2_FOUND,494,11.20494,Dry
02/07/2025 12:52,83794,,11.5,38.4,6.5,156,3815,TRHTSE_Found,10.27,13.67,ERROR,0,0,DFROBOT1_FOUND,560,11.2504,Dry,DFROBOT2_FOUND,512,11.29512,Dry
02/07/2025 13:07,84694,,11.7,39.1,6.6,159,3828,TRHTSE_Found,30.1,13.44,SHT31_FOUND,52.16,21.52,DFROBOT1_FOUND,565,11.2746,Dry,DFROBOT2_FOUND,517,11.32017,Dry
02/07/2025 13:22,85595,,11.5,39.7,6.5,162,3961,TRHTSE_Found,30.8,13.84,SHT31_FOUND,49.43,23.94,DFROBOT1_FOUND,555,11.2262,Dry,DFROBOT2_FOUND,537,11.42037,Dry
02/07/2025 13:37,86496,,11.8,40.2,6.7,165,3912,TRHTSE_Found,31.39,13.95,SHT31_FOUND,51.71,22.39,DFROBOT1_FOUND,563,11.26492,Dry,DFROBOT2_FOUND,530,11.3853,Dry
02/07/2025 13:52,87397,,11.5,40.8,6.5,168,4108,TRHTSE_Found,29.77,14.07,SHT31_FOUND,51.92,22.45,DFROBOT1_FOUND,565,11.2746,Dry,DFROBOT2_FOUND,520,11.3352,Dry
02/07/2025 14:07,88298,,11.7,41.2,6.6,170,4093,TRHTSE_Found,30.13,14.17,SHT31_FOUND,51.07,23.71,DFROBOT1_FOUND,571,11.30364,Unknown,DFROBOT2_FOUND,529,11.38029,Dry
02/07/2025 14:22,89199,,12,41.7,6.7,172,4016,TRHTSE_Found,31.44,14.22,SHT31_FOUND,51.36,22.09,DFROBOT1_FOUND,566,11.27944,Dry,DFROBOT2_FOUND,525,11.36025,Dry
02/07/2025 14:37,90100,,11.5,41.8,6.5,174,4255,TRHTSE_Found,32.07,14.28,SHT31_FOUND,51.48,22.31,DFROBOT1_FOUND,559,11.24556,Dry,DFROBOT2_FOUND,532,11.39532,Dry
02/07/2025 14:52,91000,,11.5,42.1,6.5,175,4279,TRHTSE_Found,26.93,14.33,SHT31_FOUND,45.77,26.23,DFROBOT1_FOUND,568,11.28912,Dry,DFROBOT2_FOUND,534,11.40534,Dry
02/07/2025 15:07,91901,,12,42.1,6.7,176,4110,TRHTSE_Found,33.19,14.4,SHT31_FOUND,48.7,24.3,DFROBOT1_FOUND,560,11.2504,Dry,DFROBOT2_FOUND,539,11.43039,Dry
02/07/2025 15:22,92802,,11.8,41.9,6.7,176,4173,TRHTSE_Found,33.07,14.33,SHT31_FOUND,42.36,29.45,DFROBOT1_FOUND,563,11.26492,Dry,DFROBOT2_FOUND,538,11.42538,Dry
02/07/2025 15:38,93703,,11.7,41.6,6.6,175,4213,TRHTSE_Found,32.74,14.29,SHT31_FOUND,44.06,27.84,DFROBOT1_FOUND,561,11.25524,Dry,DFROBOT2_FOUND,539,11.43039,Dry
02/07/2025 15:53,94604,,12,41.2,6.7,174,4063,TRHTSE_Found,32.33,14.28,SHT31_FOUND,42.39,28.33,DFROBOT1_FOUND,562,11.26008,Dry,DFROBOT2_FOUND,538,11.42538,Dry
02/07/2025 16:08,95505,,11.8,40.8,6.7,172,4078,TRHTSE_Found,23.05,14.25,SHT31_FOUND,41.15,29.68,DFROBOT1_FOUND,564,11.26976,Dry,DFROBOT2_FOUND,536,11.41536,Dry
02/07/2025 16:23,96406,,11.8,40.4,6.7,171,4054,TRHTSE_Found,29.92,14.21,SHT31_FOUND,41.43,29.49,DFROBOT1_FOUND,562,11.26008,Dry,DFROBOT2_FOUND,541,11.44041,Dry
02/07/2025 16:38,97307,,11.7,39.9,6.6,169,4069,TRHTSE_Found,31.37,14.17,SHT31_FOUND,40.28,30.97,DFROBOT1_FOUND,574,11.31816,Unknown,DFROBOT2_FOUND,537,11.42037,Dry
02/07/2025 16:53,98207,,11.3,39.5,6.4,168,4173,TRHTSE_Found,30.43,14.13,SHT31_FOUND,40.97,29.53,DFROBOT1_FOUND,567,11.28428,Dry,DFROBOT2_FOUND,535,11.41035,Dry
02/07/2025 17:08,99108,,11.7,39.2,6.6,167,4021,TRHTSE_Found,29.37,14.06,SHT31_FOUND,38.11,33.35,DFROBOT1_FOUND,566,11.27944,Dry,DFROBOT2_FOUND,542,11.44542,Dry
02/07/2025 17:23,100009,,11.8,38.8,6.7,165,3912,TRHTSE_Found,20.84,14.06,SHT31_FOUND,38.55,33.09,DFROBOT1_FOUND,566,11.27944,Dry,DFROBOT2_FOUND,542,11.44542,Dry
02/07/2025 17:38,100910,,11.7,38.5,6.6,164,3949,TRHTSE_Found,18.85,14.02,SHT31_FOUND,33.75,40.7,DFROBOT1_FOUND,567,11.28428,Dry,DFROBOT2_FOUND,540,11.4354,Dry
02/07/2025 17:53,101811,,11.7,38,6.6,162,3900,TRHTSE_Found,28.79,13.98,SHT31_FOUND,31.43,46.32,DFROBOT1_FOUND,564,11.26976,Dry,DFROBOT2_FOUND,544,11.45544,Dry
02/07/2025 18:08,102712,,11.8,37.5,6.7,160,3793,TRHTSE_Found,9.04,13.91,SHT31_FOUND,30.67,47.79,DFROBOT1_FOUND,569,11.29396,Dry,DFROBOT2_FOUND,542,11.44542,Dry
02/07/2025 18:23,103613,,11.5,37,6.5,156,3815,TRHTSE_Found,28.18,13.8,SHT31_FOUND,29.81,50.91,DFROBOT1_FOUND,566,11.27944,Dry,DFROBOT2_FOUND,535,11.41035,Dry
02/07/2025 18:38,104513,,11.5,36.4,6.5,154,3766,TRHTSE_Found,15.51,13.77,SHT31_FOUND,29.11,53.19,DFROBOT1_FOUND,569,11.29396,Dry,DFROBOT2_FOUND,537,11.42037,Dry
02/07/2025 18:53,105414,,11.5,35.9,6.5,151,3692,TRHTSE_Found,27.77,13.65,SHT31_FOUND,28.42,53.61,DFROBOT1_FOUND,567,11.28428,Dry,DFROBOT2_FOUND,533,11.40033,Dry
02/07/2025 19:08,106315,,11.5,35.3,6.5,149,3643,TRHTSE_Found,26.56,13.62,SHT31_FOUND,27.86,55.98,DFROBOT1_FOUND,563,11.26492,Dry,DFROBOT2_FOUND,529,11.38029,Dry
02/07/2025 19:23,107216,,11.7,34.8,6.6,147,3539,TRHTSE_Found,26.75,13.18,SHT31_FOUND,27.14,59.94,DFROBOT1_FOUND,558,11.24072,Dry,DFROBOT2_FOUND,518,11.32518,Dry
02/07/2025 19:38,108117,,11.5,34.4,6.5,144,3521,TRHTSE_Found,26.24,13.43,SHT31_FOUND,26.51,62.78,DFROBOT1_FOUND,553,11.21652,Dry,DFROBOT2_FOUND,515,11.31015,Dry
02/07/2025 19:53,109018,,11.3,33.9,6.4,142,3527,TRHTSE_Found,25.84,13.39,SHT31_FOUND,25.79,65.9,DFROBOT1_FOUND,548,11.19232,Dry,DFROBOT2_FOUND,503,11.25003,Dry
02/07/2025 20:08,109919,,11.1,33.4,6.4,139,3508,TRHTSE_Found,22.34,13.35,SHT31_FOUND,25.33,66.57,DFROBOT1_FOUND,546,11.18264,Dry,DFROBOT2_FOUND,501,11.24001,Dry
02/07/2025 20:23,110819,,11,33,6.3,138,3539,TRHTSE_Found,,13.23,SHT31_FOUND,25.05,66.68,DFROBOT1_FOUND,565,11.2746,Dry,DFROBOT2_FOUND,498,11.22498,Dry
02/07/2025 20:38,111720,,11.1,32.6,6.4,135,3407,TRHTSE_Found,24.01,13.21,SHT31_FOUND,24.68,66.85,DFROBOT1_FOUND,539,11.14876,Dry,DFROBOT2_FOUND,487,11.16987,Dry
02/07/2025 20:53,112621,,11.1,32.2,6.4,133,3356,TRHTSE_Found,24.35,13.17,SHT31_FOUND,24.37,66.52,DFROBOT1_FOUND,527,11.09068,Dry,DFROBOT2_FOUND,483,11.14983,Dry
02/07/2025 21:08,113522,,10.8,31.8,6.2,131,3414,TRHTSE_Found,13.37,13.06,SHT31_FOUND,24.16,65.15,DFROBOT1_FOUND,525,11.081,Dry,DFROBOT2_FOUND,471,11.08971,Dry
02/07/2025 21:23,114423,,11.1,31.5,6.4,129,3255,TRHTSE_Found,20.27,13.05,SHT31_FOUND,23.9,70.84,DFROBOT1_FOUND,516,11.03744,Dry,DFROBOT2_FOUND,469,11.07969,Dry
02/07/2025 21:38,115324,,11.1,31.1,6.4,128,3230,TRHTSE_Found,22.52,13.02,SHT31_FOUND,23.53,73.49,DFROBOT1_FOUND,511,11.01324,Dry,DFROBOT2_FOUND,458,11.02458,Dry
02/07/2025 21:53,116225,,11.1,30.7,6.4,126,3180,TRHTSE_Found,22.86,12.95,SHT31_FOUND,23.24,77.15,DFROBOT1_FOUND,511,11.01324,Dry,DFROBOT2_FOUND,449,10.97949,Dry
02/07/2025 22:08,117126,,11.1,30.5,6.4,124,3129,TRHTSE_Found,22.76,12.91,SHT31_FOUND,23.05,79.58,DFROBOT1_FOUND,510,11.0084,Dry,DFROBOT2_FOUND,442,10.94442,Dry
02/07/2025 22:23,118026,,11,30.1,6.3,123,3154,TRHTSE_Found,22.61,12.87,SHT31_FOUND,22.68,82.14,DFROBOT1_FOUND,497,10.94548,Dry,DFROBOT2_FOUND,438,10.92438,Dry
02/07/2025 22:38,118927,,10.8,29.9,6.2,121,3153,TRHTSE_Found,21.88,12.8,SHT31_FOUND,22.3,84.51,DFROBOT1_FOUND,500,10.96,Dry,DFROBOT2_FOUND,431,10.88931,Dry
02/07/2025 22:53,119828,,11,29.7,6.3,120,3077,TRHTSE_Found,20.22,12.76,SHT31_FOUND,21.88,86.96,DFROBOT1_FOUND,495,10.9358,Dry,DFROBOT2_FOUND,425,10.85925,Dry
02/07/2025 23:08,120729,,11,29.4,6.3,119,3051,TRHTSE_Found,19.68,12.76,SHT31_FOUND,21.42,89.38,DFROBOT1_FOUND,494,10.93096,Dry,DFROBOT2_FOUND,420,10.8342,Dry
02/07/2025 23:23,121630,,11,29.1,6.3,117,3000,TRHTSE_Found,18.69,12.72,SHT31_FOUND,20.95,90.97,DFROBOT1_FOUND,486,10.89224,Dry,DFROBOT2_FOUND,417,10.81917,Dry
02/07/2025 23:38,122531,,10.8,28.8,6.2,116,3023,TRHTSE_Found,18.27,12.68,SHT31_FOUND,20.76,92.18,DFROBOT1_FOUND,481,10.86804,Dry,DFROBOT2_FOUND,415,10.80915,Dry
02/07/2025 23:53,123432,,11.3,28.6,6.4,114,2832,TRHTSE_Found,19.76,12.61,SHT31_FOUND,20.56,94.4,DFROBOT1_FOUND,472,10.82448,Dry,DFROBOT2_FOUND,412,10.79412,Dry
03/07/2025 0:08,124332,,11.1,28.4,6.4,113,2851,TRHTSE_Found,19.37,12.61,SHT31_FOUND,20.39,95.11,DFROBOT1_FOUND,474,10.83416,Dry,DFROBOT2_FOUND,403,10.74903,Dry
03/07/2025 0:23,125233,,11,28.1,6.3,112,2872,TRHTSE_Found,17.46,12.58,SHT31_FOUND,20.2,96.92,DFROBOT1_FOUND,470,10.8148,Dry,DFROBOT2_FOUND,398,10.72398,Dry
03/07/2025 0:39,126134,,10.6,28,6.1,110,2914,TRHTSE_Found,19.48,12.53,SHT31_FOUND,19.11,97.7,DFROBOT1_FOUND,472,10.82448,Dry,DFROBOT2_FOUND,403,10.74903,Dry
03/07/2025 0:54,127035,,10.8,27.6,6.2,109,2840,TRHTSE_Found,19.69,12.5,SHT31_FOUND,19.03,99.31,DFROBOT1_FOUND,466,10.79544,Dry,DFROBOT2_FOUND,390,10.6839,Dry
03/07/2025 1:09,127936,,11,27.4,6.3,108,2769,TRHTSE_Found,17.17,12.46,SHT31_FOUND,19.27,99.63,DFROBOT1_FOUND,459,10.76156,Dry,DFROBOT2_FOUND,394,10.70394,Dry
03/07/2025 1:24,128837,,10.6,27.2,6.1,107,2834,TRHTSE_Found,9.86,12.47,SHT31_FOUND,18.73,99.99,DFROBOT1_FOUND,471,10.81964,Dry,DFROBOT2_FOUND,397,10.71897,Dry
03/07/2025 1:39,129738,,10.2,27,6,106,2902,TRHTSE_Found,10.31,12.46,SHT31_FOUND,17.63,99.99,DFROBOT1_FOUND,458,10.75672,Dry,DFROBOT2_FOUND,397,10.71897,Dry
03/07/2025 1:54,130639,,10.6,26.7,6.1,104,2755,TRHTSE_Found,15.33,12.43,SHT31_FOUND,17.02,99.99,DFROBOT1_FOUND,459,10.76156,Dry,DFROBOT2_FOUND,397,10.71897,Dry
03/07/2025 2:09,131539,,10.6,26.5,6.1,103,2728,TRHTSE_Found,19.38,12.32,SHT31_FOUND,17.86,99.99,DFROBOT1_FOUND,473,10.82932,Dry,DFROBOT2_FOUND,396,10.71396,Dry
03/07/2025 2:24,132440,,10.6,26.3,6.1,102,2702,TRHTSE_Found,18.45,12.31,SHT31_FOUND,17.15,99.99,DFROBOT1_FOUND,459,10.76156,Dry,DFROBOT2_FOUND,392,10.69392,Dry
03/07/2025 2:39,133341,,10.6,26.1,6.1,101,2675,TRHTSE_Found,17.79,12.32,SHT31_FOUND,17.08,99.99,DFROBOT1_FOUND,449,10.71316,Dry,DFROBOT2_FOUND,389,10.67889,Dry
03/07/2025 2:54,134242,,10.6,25.9,6.1,100,2649,TRHTSE_Found,18.95,12.24,SHT31_FOUND,18.14,99.99,DFROBOT1_FOUND,450,10.718,Dry,DFROBOT2_FOUND,385,10.65885,Dry
03/07/2025 3:09,135143,,10.2,25.7,6,99,2711,TRHTSE_Found,18.58,12.21,SHT31_FOUND,16.56,99.99,DFROBOT1_FOUND,454,10.73736,Dry,DFROBOT2_FOUND,385,10.65885,Dry
03/07/2025 3:24,136044,,10.6,25.4,6.1,98,2596,TRHTSE_Found,18.47,12.13,SHT31_FOUND,15.86,99.99,DFROBOT1_FOUND,450,10.718,Dry,DFROBOT2_FOUND,383,10.64883,Dry
03/07/2025 3:39,136944,,10.8,25.3,6.2,97,2528,TRHTSE_Found,18.15,12.13,SHT31_FOUND,15.62,99.99,DFROBOT1_FOUND,447,10.70348,Dry,DFROBOT2_FOUND,385,10.65885,Dry
03/07/2025 3:54,137845,,10.4,25.1,6.1,96,2585,TRHTSE_Found,17.54,12.13,SHT31_FOUND,15.43,99.99,DFROBOT1_FOUND,483,10.87772,Dry,DFROBOT2_FOUND,387,10.66887,Dry
03/07/2025 4:09,138746,,10.4,24.9,6.1,95,2558,TRHTSE_Found,17.71,12.09,SHT31_FOUND,14.68,99.99,DFROBOT1_FOUND,453,10.73252,Dry,DFROBOT2_FOUND,387,10.66887,Dry
03/07/2025 4:24,139647,,10.4,24.7,6.1,94,2531,TRHTSE_Found,,12.06,SHT31_FOUND,14.09,99.99,DFROBOT1_FOUND,446,10.69864,Dry,DFROBOT2_FOUND,403,10.74903,Dry
03/07/2025 4:39,140548,,10.4,24.4,6.1,93,2504,TRHTSE_Found,2.28,12.02,SHT31_FOUND,14.1,99.99,DFROBOT1_FOUND,446,10.69864,Dry,DFROBOT2_FOUND,394,10.70394,Dry
03/07/2025 4:54,141448,,10.4,24.3,6.1,93,2504,TRHTSE_Found,17.54,12.02,SHT31_FOUND,13.96,99.99,DFROBOT1_FOUND,446,10.69864,Dry,DFROBOT2_FOUND,377,10.61877,Wet
03/07/2025 5:09,142349,,10.4,24.1,6.1,91,2450,TRHTSE_Found,16.02,11.95,SHT31_FOUND,13.55,99.99,DFROBOT1_FOUND,445,10.6938,Dry,DFROBOT2_FOUND,383,10.64883,Dry
03/07/2025 5:24,143250,,10.6,23.9,6.1,90,2384,TRHTSE_Found,,11.95,SHT31_FOUND,13.89,99.99,DFROBOT1_FOUND,442,10.67928,Dry,DFROBOT2_FOUND,376,10.61376,Wet
03/07/2025 5:39,144151,,10.2,23.8,6,90,2464,TRHTSE_Found,14.92,11.91,SHT31_FOUND,13.52,99.99,DFROBOT1_FOUND,444,10.68896,Dry,DFROBOT2_FOUND,375,10.60875,Wet
03/07/2025 5:54,145052,,10.4,23.5,6.1,88,2370,TRHTSE_Found,16.57,11.88,SHT31_FOUND,14.16,99.99,DFROBOT1_FOUND,439,10.66476,Dry,DFROBOT2_FOUND,381,10.63881,Dry
03/07/2025 6:09,145952,,10.4,23.4,6.1,88,2370,TRHTSE_Found,9.79,11.84,SHT31_FOUND,14.91,99.99,DFROBOT1_FOUND,443,10.68412,Dry,DFROBOT2_FOUND,403,10.74903,Dry
03/07/2025 6:24,146853,,10,23.3,5.9,88,2450,TRHTSE_Found,16.69,11.84,SHT31_FOUND,17.5,99.99,DFROBOT1_FOUND,446,10.69864,Dry,DFROBOT2_FOUND,382,10.64382,Dry
03/07/2025 6:39,147754,,10.4,23.1,6.1,87,2343,TRHTSE_Found,16.46,11.84,SHT31_FOUND,21.57,90.83,DFROBOT1_FOUND,441,10.67444,Dry,DFROBOT2_FOUND,386,10.66386,Dry
03/07/2025 6:54,148655,,10.2,23.1,6,86,2355,TRHTSE_Found,15.43,11.84,SHT31_FOUND,20.31,81.57,DFROBOT1_FOUND,445,10.6938,Dry,DFROBOT2_FOUND,384,10.65384,Dry
03/07/2025 7:09,149556,,10.2,23,6,86,2355,TRHTSE_Found,10.57,11.83,SHT31_FOUND,24.31,63.16,DFROBOT1_FOUND,465,10.7906,Dry,DFROBOT2_FOUND,387,10.66887,Dry
03/07/2025 7:24,150456,,10,23.1,5.9,86,2395,TRHTSE_Found,16.43,11.84,SHT31_FOUND,29.29,51.12,DFROBOT1_FOUND,440,10.6696,Dry,DFROBOT2_FOUND,379,10.62879,Wet
03/07/2025 7:39,151357,,10.2,23.1,6,85,2327,TRHTSE_Found,16.62,11.83,SHT31_FOUND,28.42,45.01,DFROBOT1_FOUND,436,10.65024,Dry,DFROBOT2_FOUND,380,10.6338,Unknown
03/07/2025 7:55,152258,,10.2,23.3,6,85,2327,TRHTSE_Found,16.15,11.84,SHT31_FOUND,29.56,38.86,DFROBOT1_FOUND,435,10.6454,Dry,DFROBOT2_FOUND,373,10.59873,Wet
03/07/2025 8:10,153159,,10.4,23.6,6.1,85,2289,TRHTSE_Found,16.73,11.84,SHT31_FOUND,41.36,25.23,DFROBOT1_FOUND,462,10.77608,Dry,DFROBOT2_FOUND,373,10.59873,Wet
03/07/2025 8:25,154060,,9.8,24,5.8,86,2436,TRHTSE_Found,16.75,11.84,SHT31_FOUND,38.31,24.77,DFROBOT1_FOUND,457,10.75188,Dry,DFROBOT2_FOUND,374,10.60374,Wet
03/07/2025 8:40,154960,,10.4,24.5,6.1,87,2343,TRHTSE_Found,15.78,11.91,SHT31_FOUND,41.25,21.21,DFROBOT1_FOUND,459,10.76156,Dry,DFROBOT2_FOUND,374,10.60374,Wet
03/07/2025 8:55,155861,,10.4,25.2,6.1,89,2396,TRHTSE_Found,17.93,12.02,SHT31_FOUND,42.19,20.79,DFROBOT1_FOUND,464,10.78576,Dry,DFROBOT2_FOUND,374,10.60374,Wet
03/07/2025 9:10,156762,,10,26,5.9,91,2534,TRHTSE_Found,17.19,12.06,SHT31_FOUND,44.47,19.5,DFROBOT1_FOUND,468,10.80512,Dry,DFROBOT2_FOUND,371,10.58871,Wet
03/07/2025 9:25,157663,,10.4,26.9,6.1,93,2504,TRHTSE_Found,18.73,12.13,SHT31_FOUND,44.11,18.23,DFROBOT1_FOUND,475,10.839,Dry,DFROBOT2_FOUND,375,10.60875,Wet
03/07/2025 9:40,158564,,10,27.7,5.9,96,2673,TRHTSE_Found,19.79,12.28,SHT31_FOUND,48.32,16.61,DFROBOT1_FOUND,474,10.83416,Dry,DFROBOT2_FOUND,383,10.64883,Dry
03/07/2025 9:55,159464,,10,28.7,5.9,98,2729,TRHTSE_Found,19.03,12.36,SHT31_FOUND,45.78,17.42,DFROBOT1_FOUND,483,10.87772,Dry,DFROBOT2_FOUND,409,10.77909,Dry
03/07/2025 10:10,160365,,10.4,29.7,6.1,101,2720,TRHTSE_Found,12.72,12.51,SHT31_FOUND,47.73,16.86,DFROBOT1_FOUND,489,10.90676,Dry,DFROBOT2_FOUND,419,10.82919,Dry
03/07/2025 10:25,161266,,10.6,30.6,6.1,105,2781,TRHTSE_Found,22.36,12.29,SHT31_FOUND,51.84,15.96,DFROBOT1_FOUND,492,10.92128,Dry,DFROBOT2_FOUND,429,10.87929,Dry
03/07/2025 10:40,162167,,10.6,31.5,6.1,108,2861,TRHTSE_Found,21.48,12.77,SHT31_FOUND,51.5,16.27,DFROBOT1_FOUND,499,10.95516,Dry,DFROBOT2_FOUND,428,10.87428,Dry
03/07/2025 10:55,163068,,10.6,32.5,6.1,111,2940,TRHTSE_Found,24.08,12.92,SHT31_FOUND,50.81,16.44,DFROBOT1_FOUND,510,11.0084,Dry,DFROBOT2_FOUND,448,10.97448,Dry
03/07/2025 11:10,163969,,10.6,33.5,6.1,115,3046,TRHTSE_Found,21.01,13.07,SHT31_FOUND,52.84,14.76,DFROBOT1_FOUND,523,11.07132,Dry,DFROBOT2_FOUND,465,11.05965,Dry
03/07/2025 11:25,164869,,10.6,34.5,6.1,118,3126,TRHTSE_Found,25.61,13.21,SHT31_FOUND,50.08,15.75,DFROBOT1_FOUND,526,11.08584,Dry,DFROBOT2_FOUND,473,11.09973,Dry
03/07/2025 11:40,165770,,10.4,35.3,6.1,121,3258,TRHTSE_Found,26.58,13.32,SHT31_FOUND,53.72,14.54,DFROBOT1_FOUND,535,11.1294,Dry,DFROBOT2_FOUND,491,11.18991,Dry
03/07/2025 11:55,166671,,10.8,36.1,6.2,125,3257,TRHTSE_Found,26.36,13.51,SHT31_FOUND,50.29,15.76,DFROBOT1_FOUND,570,11.2988,Unknown,DFROBOT2_FOUND,504,11.25504,Dry
03/07/2025 12:10,167572,,10.8,36.9,6.2,128,3336,TRHTSE_Found,24.15,13.62,SHT31_FOUND,53.65,14.59,DFROBOT1_FOUND,549,11.19716,Dry,DFROBOT2_FOUND,507,11.27007,Dry
03/07/2025 12:25,168473,,11.1,37.7,6.4,131,3306,TRHTSE_Found,28.85,13.73,SHT31_FOUND,54.11,14.61,DFROBOT1_FOUND,553,11.21652,Dry,DFROBOT2_FOUND,514,11.30514,Dry
03/07/2025 12:40,169374,,11.1,38.4,6.4,134,3382,TRHTSE_Found,27.65,13.83,SHT31_FOUND,52.12,15.02,DFROBOT1_FOUND,553,11.21652,Dry,DFROBOT2_FOUND,529,11.38029,Dry
03/07/2025 12:55,170275,,11,39.1,6.3,137,3513,TRHTSE_Found,25.58,13.98,SHT31_FOUND,54.29,14.54,DFROBOT1_FOUND,558,11.24072,Dry,DFROBOT2_FOUND,525,11.36025,Dry
03/07/2025 13:10,171175,,11.3,39.7,6.4,140,3477,TRHTSE_Found,28.79,14.12,SHT31_FOUND,51.87,15.36,DFROBOT1_FOUND,558,11.24072,Dry,DFROBOT2_FOUND,537,11.42037,Dry
03/07/2025 13:25,172076,,11.5,40.2,6.5,143,3497,TRHTSE_Found,28.73,14.17,SHT31_FOUND,55.41,14.44,DFROBOT1_FOUND,551,11.20684,Dry,DFROBOT2_FOUND,542,11.44542,Dry
03/07/2025 13:40,172977,,11.3,40.8,6.4,145,3602,TRHTSE_Found,21.21,14.28,SHT31_FOUND,53.72,15.04,DFROBOT1_FOUND,559,11.24556,Dry,DFROBOT2_FOUND,540,11.4354,Dry
03/07/2025 13:55,173878,,11.3,41.3,6.4,148,3676,TRHTSE_Found,32.35,14.31,SHT31_FOUND,53.72,15.06,DFROBOT1_FOUND,559,11.24556,Dry,DFROBOT2_FOUND,546,11.46546,Dry
03/07/2025 14:10,174779,,11.3,41.7,6.4,149,3701,TRHTSE_Found,32.03,14.46,SHT31_FOUND,53.68,15.47,DFROBOT1_FOUND,556,11.23104,Dry,DFROBOT2_FOUND,557,11.52057,Dry
03/07/2025 14:25,175680,,11.3,42,6.4,151,3751,TRHTSE_Found,32.08,14.5,SHT31_FOUND,54.44,15.39,DFROBOT1_FOUND,574,11.31816,Unknown,DFROBOT2_FOUND,561,11.54061,Dry
03/07/2025 14:40,176581,,11.3,42.3,6.4,153,3800,TRHTSE_Found,32.53,14.54,SHT31_FOUND,53.64,15.53,DFROBOT1_FOUND,550,11.202,Dry,DFROBOT2_FOUND,564,11.55564,Dry
03/07/2025 14:55,177482,,11.5,42.6,6.5,155,3790,TRHTSE_Found,33.36,14.61,SHT31_FOUND,53.07,15.66,DFROBOT1_FOUND,556,11.23104,Dry,DFROBOT2_FOUND,554,11.50554,Dry
03/07/2025 15:10,178382,,11.7,42.7,6.6,156,3756,TRHTSE_Found,32.83,14.65,SHT31_FOUND,51.16,16.69,DFROBOT1_FOUND,553,11.21652,Dry,DFROBOT2_FOUND,565,11.56065,Dry
03/07/2025 15:25,179283,,11.5,42.5,6.5,156,3815,TRHTSE_Found,33.01,14.65,SHT31_FOUND,43.08,21.09,DFROBOT1_FOUND,560,11.2504,Dry,DFROBOT2_FOUND,563,11.55063,Dry
03/07/2025 15:40,180184,,11.5,42.1,6.5,156,3815,TRHTSE_Found,33.26,14.61,SHT31_FOUND,46.32,19.29,DFROBOT1_FOUND,560,11.2504,Dry,DFROBOT2_FOUND,558,11.52558,Dry
03/07/2025 15:55,181085,,11.5,41.7,6.5,155,3790,TRHTSE_Found,29.65,14.54,SHT31_FOUND,45.68,19.64,DFROBOT1_FOUND,556,11.23104,Dry,DFROBOT2_FOUND,581,11.64081,Unknown
03/07/2025 16:10,181986,,11.8,41.3,6.7,154,3651,TRHTSE_Found,27.85,14.5,SHT31_FOUND,45.73,19.99,DFROBOT1_FOUND,556,11.23104,Dry,DFROBOT2_FOUND,576,11.61576,Unknown
03/07/2025 16:25,182887,,11.1,40.8,6.4,153,3861,TRHTSE_Found,32.26,14.46,SHT31_FOUND,43.44,21.29,DFROBOT1_FOUND,554,11.22136,Dry,DFROBOT2_FOUND,561,11.54061,Dry
03/07/2025 16:40,183788,,11.3,40.4,6.4,152,3776,TRHTSE_Found,31.82,14.38,SHT31_FOUND,45.09,24.05,DFROBOT1_FOUND,557,11.23588,Dry,DFROBOT2_FOUND,559,11.53059,Dry
03/07/2025 16:55,184688,,11.3,40.1,6.4,151,3751,TRHTSE_Found,8.75,14.39,SHT31_FOUND,44.3,26.11,DFROBOT1_FOUND,562,11.26008,Dry,DFROBOT2_FOUND,556,11.51556,Dry
03/07/2025 17:10,185589,,11.5,39.7,6.5,150,3668,TRHTSE_Found,8.68,14.32,SHT31_FOUND,42.46,27.03,DFROBOT1_FOUND,563,11.26492,Dry,DFROBOT2_FOUND,560,11.5356,Dry
03/07/2025 17:25,186490,,11.3,39.5,6.4,149,3701,TRHTSE_Found,27.25,14.28,SHT31_FOUND,39.18,30.12,DFROBOT1_FOUND,562,11.26008,Dry,DFROBOT2_FOUND,554,11.50554,Dry
03/07/2025 17:40,187391,,11,39.2,6.3,148,3795,TRHTSE_Found,28.5,14.28,SHT31_FOUND,35.78,33.15,DFROBOT1_FOUND,589,11.39076,Unknown,DFROBOT2_FOUND,557,11.52057,Dry
03/07/2025 17:55,188292,,11,38.8,6.3,147,3769,TRHTSE_Found,30.69,14.24,ERROR,0,0,DFROBOT1_FOUND,563,11.26492,Dry,DFROBOT2_FOUND,556,11.51556,Dry
03/07/2025 18:10,189193,,11.1,38.3,6.4,145,3659,TRHTSE_Found,30.19,14.17,SHT31_FOUND,31.92,37.9,DFROBOT1_FOUND,560,11.2504,Dry,DFROBOT2_FOUND,559,11.53059,Dry
03/07/2025 18:25,190094,,11.7,37.8,6.6,143,3443,TRHTSE_Found,27.02,14.05,SHT31_FOUND,30.94,39.75,DFROBOT1_FOUND,559,11.24556,Dry,DFROBOT2_FOUND,556,11.51556,Dry
03/07/2025 18:40,190994,,11,36.5,6.3,139,3564,TRHTSE_Found,15.05,13.91,SHT31_FOUND,30.02,42.45,DFROBOT1_FOUND,552,11.21168,Dry,DFROBOT2_FOUND,542,11.44542,Dry
03/07/2025 18:56,191895,,11,35.2,6.3,134,3436,TRHTSE_Found,23.14,13.76,SHT31_FOUND,29.2,46.5,DFROBOT1_FOUND,579,11.34236,Unknown,DFROBOT2_FOUND,525,11.36025,Dry
03/07/2025 19:11,192796,,11.1,34.2,6.4,130,3281,TRHTSE_Found,24.73,13.61,SHT31_FOUND,28.17,49.52,DFROBOT1_FOUND,541,11.15844,Dry,DFROBOT2_FOUND,509,11.28009,Dry
03/07/2025 19:26,193697,,11.1,33.2,6.4,126,3180,TRHTSE_Found,25.73,13.5,SHT31_FOUND,27.45,50.17,DFROBOT1_FOUND,533,11.11972,Dry,DFROBOT2_FOUND,492,11.19492,Dry
03/07/2025 19:41,194598,,11,32.4,6.3,123,3154,TRHTSE_Found,18.2,13.39,SHT31_FOUND,26.53,51.36,DFROBOT1_FOUND,521,11.06164,Dry,DFROBOT2_FOUND,475,11.10975,Dry
03/07/2025 19:56,195499,,11,31.6,6.3,120,3077,TRHTSE_Found,23.94,13.31,SHT31_FOUND,26.21,53.03,DFROBOT1_FOUND,509,11.00356,Dry,DFROBOT2_FOUND,469,11.07969,Dry
03/07/2025 20:11,196400,,10.6,31,6.1,119,3152,TRHTSE_Found,8.73,13.38,SHT31_FOUND,25.61,56.2,DFROBOT1_FOUND,508,10.99872,Dry,DFROBOT2_FOUND,455,11.00955,Dry
03/07/2025 20:26,197301,,10.8,30.3,6.2,116,3023,TRHTSE_Found,23.18,13.23,SHT31_FOUND,25.23,58.11,DFROBOT1_FOUND,496,10.94064,Dry,DFROBOT2_FOUND,446,10.96446,Dry
03/07/2025 20:41,198201,,10.8,29.7,6.2,114,2971,TRHTSE_Found,22.51,13.19,SHT31_FOUND,24.73,60.63,DFROBOT1_FOUND,486,10.89224,Dry,DFROBOT2_FOUND,443,10.94943,Dry
03/07/2025 20:56,199102,,10.4,29.2,6.1,112,3016,TRHTSE_Found,21.43,13.12,SHT31_FOUND,24.31,62.65,DFROBOT1_FOUND,480,10.8632,Dry,DFROBOT2_FOUND,428,10.87428,Dry
03/07/2025 21:11,200003,,10.6,28.8,6.1,110,2914,TRHTSE_Found,21.77,13.01,SHT31_FOUND,24.09,63.54,DFROBOT1_FOUND,473,10.82932,Dry,DFROBOT2_FOUND,420,10.8342,Dry
03/07/2025 21:26,200904,,10.8,28.3,6.2,108,2814,TRHTSE_Found,9.22,12.97,SHT31_FOUND,23.7,64.32,DFROBOT1_FOUND,470,10.8148,Dry,DFROBOT2_FOUND,415,10.80915,Dry
03/07/2025 21:41,201805,,10.8,27.9,6.2,106,2762,TRHTSE_Found,13.38,12.93,SHT31_FOUND,23.5,65.08,DFROBOT1_FOUND,464,10.78576,Dry,DFROBOT2_FOUND,408,10.77408,Dry
03/07/2025 21:56,202706,,10.6,27.5,6.1,105,2781,TRHTSE_Found,19.78,12.89,SHT31_FOUND,23.3,68.51,DFROBOT1_FOUND,463,10.78092,Dry,DFROBOT2_FOUND,403,10.74903,Dry
03/07/2025 22:11,203607,,10.6,27.1,6.1,103,2728,TRHTSE_Found,18.56,12.85,SHT31_FOUND,22.92,71.64,DFROBOT1_FOUND,460,10.7664,Dry,DFROBOT2_FOUND,403,10.74903,Dry
03/07/2025 22:26,204507,,10.4,26.8,6.1,102,2747,TRHTSE_Found,11.67,12.78,SHT31_FOUND,22.49,75.36,DFROBOT1_FOUND,448,10.70832,Dry,DFROBOT2_FOUND,396,10.71396,Dry
03/07/2025 22:41,205408,,10.4,26.5,6.1,101,2720,TRHTSE_Found,1.59,12.74,SHT31_FOUND,22.22,77.77,DFROBOT1_FOUND,470,10.8148,Dry,DFROBOT2_FOUND,401,10.73901,Dry
03/07/2025 22:56,206309,,10.4,26.3,6.1,100,2693,TRHTSE_Found,19.23,12.71,SHT31_FOUND,21.77,79.7,DFROBOT1_FOUND,442,10.67928,Dry,DFROBOT2_FOUND,391,10.68891,Dry
03/07/2025 23:11,207210,,10.6,26.1,6.1,99,2622,TRHTSE_Found,12.96,12.67,SHT31_FOUND,21.53,82.29,DFROBOT1_FOUND,446,10.69864,Dry,DFROBOT2_FOUND,396,10.71396,Dry
03/07/2025 23:26,208111,,10.4,25.9,6.1,99,2666,TRHTSE_Found,19.12,12.6,SHT31_FOUND,21,85.65,DFROBOT1_FOUND,444,10.68896,Dry,DFROBOT2_FOUND,388,10.67388,Dry
03/07/2025 23:41,209012,,10.4,25.7,6.1,98,2639,TRHTSE_Found,17.86,12.6,SHT31_FOUND,20.91,85.1,DFROBOT1_FOUND,437,10.65508,Dry,DFROBOT2_FOUND,391,10.68891,Dry
03/07/2025 23:56,209912,,10.6,25.5,6.1,97,2569,TRHTSE_Found,16.4,12.59,SHT31_FOUND,20.29,87.16,DFROBOT1_FOUND,436,10.65024,Dry,DFROBOT2_FOUND,393,10.69893,Dry
04/07/2025 0:11,210813,,10.4,25.3,6.1,97,2612,TRHTSE_Found,3.08,12.56,SHT31_FOUND,20.63,87.24,DFROBOT1_FOUND,431,10.62604,Dry,DFROBOT2_FOUND,391,10.68891,Dry
04/07/2025 0:26,211714,,10.6,25.2,6.1,96,2543,TRHTSE_Found,18.48,12.52,SHT31_FOUND,19.57,86.53,DFROBOT1_FOUND,426,10.60184,Dry,DFROBOT2_FOUND,379,10.62879,Wet
04/07/2025 0:41,212615,,10.4,25,6.1,96,2585,TRHTSE_Found,17.32,12.56,SHT31_FOUND,20.03,85.81,DFROBOT1_FOUND,424,10.59216,Dry,DFROBOT2_FOUND,383,10.64883,Dry
04/07/2025 0:56,213516,,10.8,24.8,6.2,96,2502,TRHTSE_Found,15.99,12.53,SHT31_FOUND,18.9,84.11,DFROBOT1_FOUND,424,10.59216,Dry,DFROBOT2_FOUND,389,10.67889,Dry
04/07/2025 1:11,214416,,10.8,24.7,6.2,95,2476,TRHTSE_Found,18,12.49,SHT31_FOUND,19.49,84.33,DFROBOT1_FOUND,421,10.57764,Dry,DFROBOT2_FOUND,378,10.62378,Wet
04/07/2025 1:26,215317,,10.6,24.5,6.1,95,2516,TRHTSE_Found,17.98,12.48,SHT31_FOUND,18.34,84.3,DFROBOT1_FOUND,421,10.57764,Dry,DFROBOT2_FOUND,374,10.60374,Wet
04/07/2025 1:41,216218,,10.4,24.3,6.1,95,2558,TRHTSE_Found,15.23,12.45,SHT31_FOUND,18.18,78.94,DFROBOT1_FOUND,421,10.57764,Dry,DFROBOT2_FOUND,374,10.60374,Wet
04/07/2025 1:56,217119,,10.4,24.1,6.1,94,2531,TRHTSE_Found,17.09,12.45,SHT31_FOUND,17.96,77.16,DFROBOT1_FOUND,421,10.57764,Dry,DFROBOT2_FOUND,378,10.62378,Wet
04/07/2025 2:11,218020,,10.6,24,6.1,94,2490,TRHTSE_Found,16.84,12.45,SHT31_FOUND,17.55,76.98,DFROBOT1_FOUND,439,10.66476,Dry,DFROBOT2_FOUND,372,10.59372,Wet
04/07/2025 2:26,218920,,10.6,23.8,6.1,94,2490,TRHTSE_Found,17.15,12.42,SHT31_FOUND,17.13,77.05,DFROBOT1_FOUND,438,10.65992,Dry,DFROBOT2_FOUND,374,10.60374,Wet
04/07/2025 2:41,219821,,11,23.6,6.3,94,2410,TRHTSE_Found,7.79,12.41,SHT31_FOUND,16.98,78.66,DFROBOT1_FOUND,434,10.64056,Dry,DFROBOT2_FOUND,369,10.57869,Wet
04/07/2025 2:57,220722,,10.8,23.4,6.2,94,2449,TRHTSE_Found,16.93,12.41,SHT31_FOUND,17.16,83.21,DFROBOT1_FOUND,431,10.62604,Dry,DFROBOT2_FOUND,369,10.57869,Wet
04/07/2025 3:12,221623,,11,23.3,6.3,94,2410,TRHTSE_Found,12.75,12.41,SHT31_FOUND,16.68,79.54,DFROBOT1_FOUND,428,10.61152,Dry,DFROBOT2_FOUND,378,10.62378,Wet
04/07/2025 3:27,222524,,10.6,23.1,6.1,94,2490,TRHTSE_Found,14.43,12.34,SHT31_FOUND,16.8,78.81,DFROBOT1_FOUND,435,10.6454,Dry,DFROBOT2_FOUND,382,10.64382,Dry
04/07/2025 3:42,223424,,10.8,23,6.2,93,2423,TRHTSE_Found,16.27,12.3,SHT31_FOUND,16.13,82.14,DFROBOT1_FOUND,429,10.61636,Dry,DFROBOT2_FOUND,381,10.63881,Dry
04/07/2025 3:57,224325,,11,22.8,6.3,93,2385,TRHTSE_Found,15.68,12.3,SHT31_FOUND,16.09,84.2,DFROBOT1_FOUND,419,10.56796,Dry,DFROBOT2_FOUND,391,10.68891,Dry
04/07/2025 4:12,225226,,11,22.6,6.3,93,2385,TRHTSE_Found,15.87,12.3,SHT31_FOUND,15.77,85.62,DFROBOT1_FOUND,424,10.59216,Dry,DFROBOT2_FOUND,386,10.66386,Dry
04/07/2025 4:27,226127,,10.8,22.5,6.2,93,2423,TRHTSE_Found,15.83,12.3,SHT31_FOUND,15.36,89.06,DFROBOT1_FOUND,420,10.5728,Dry,DFROBOT2_FOUND,382,10.64382,Dry
04/07/2025 4:42,227028,,10.8,22.3,6.2,93,2423,TRHTSE_Found,0.04,12.3,SHT31_FOUND,15.43,87.88,DFROBOT1_FOUND,417,10.55828,Dry,DFROBOT2_FOUND,372,10.59372,Wet
04/07/2025 4:57,227928,,11,22.2,6.3,93,2385,TRHTSE_Found,10.29,12.26,SHT31_FOUND,15.54,94.17,DFROBOT1_FOUND,414,10.54376,Dry,DFROBOT2_FOUND,378,10.62378,Wet
04/07/2025 5:12,228829,,11,22.1,6.3,93,2385,TRHTSE_Found,15.43,12.18,SHT31_FOUND,15.01,89.29,DFROBOT1_FOUND,419,10.56796,Dry,DFROBOT2_FOUND,378,10.62378,Wet
04/07/2025 5:27,229730,,10.8,21.9,6.2,93,2423,TRHTSE_Found,13.93,12.26,SHT31_FOUND,15.1,93.14,DFROBOT1_FOUND,414,10.54376,Dry,DFROBOT2_FOUND,387,10.66887,Dry
04/07/2025 5:42,230631,,11.1,21.8,6.4,93,2347,TRHTSE_Found,15.5,12.26,SHT31_FOUND,15.17,90.56,DFROBOT1_FOUND,413,10.53892,Dry,DFROBOT2_FOUND,380,10.6338,Unknown
04/07/2025 5:57,231532,,11,21.7,6.3,92,2359,TRHTSE_Found,11.57,12.22,SHT31_FOUND,15.87,93.83,DFROBOT1_FOUND,416,10.55344,Dry,DFROBOT2_FOUND,371,10.58871,Wet
04/07/2025 6:12,232432,,11.1,21.6,6.4,92,2321,TRHTSE_Found,14.27,12.22,SHT31_FOUND,16.74,85.15,DFROBOT1_FOUND,408,10.51472,Dry,DFROBOT2_FOUND,364,10.55364,Wet
04/07/2025 6:27,233333,,11.1,21.5,6.4,92,2321,TRHTSE_Found,9.05,12.22,SHT31_FOUND,21.54,71.56,DFROBOT1_FOUND,407,10.50988,Dry,DFROBOT2_FOUND,371,10.58871,Wet
04/07/2025 6:42,234234,,10.8,21.5,6.2,92,2397,TRHTSE_Found,15.3,12.12,SHT31_FOUND,25.54,58.56,DFROBOT1_FOUND,402,10.48568,Dry,DFROBOT2_FOUND,371,10.58871,Wet
04/07/2025 6:57,235135,,11,21.5,6.3,93,2385,TRHTSE_Found,15.17,12.22,SHT31_FOUND,22.95,64.82,DFROBOT1_FOUND,407,10.50988,Dry,DFROBOT2_FOUND,370,10.5837,Wet
04/07/2025 7:12,236036,,11.1,21.5,6.4,93,2347,TRHTSE_Found,15.25,12.22,SHT31_FOUND,29.54,48.55,DFROBOT1_FOUND,404,10.49536,Dry,DFROBOT2_FOUND,371,10.58871,Wet
04/07/2025 7:27,236936,,11,21.6,6.3,94,2410,TRHTSE_Found,15.27,12.22,SHT31_FOUND,29.92,50.74,DFROBOT1_FOUND,404,10.49536,Dry,DFROBOT2_FOUND,365,10.55865,Wet
04/07/2025 7:42,237837,,11.1,21.8,6.4,94,2372,TRHTSE_Found,15.13,12.26,SHT31_FOUND,28.77,58.49,DFROBOT1_FOUND,407,10.50988,Dry,DFROBOT2_FOUND,370,10.5837,Wet
04/07/2025 7:57,238738,,10.8,22,6.2,94,2449,TRHTSE_Found,0.74,12.29,SHT31_FOUND,29.82,58.12,DFROBOT1_FOUND,405,10.5002,Dry,DFROBOT2_FOUND,392,10.69392,Dry
04/07/2025 8:12,239639,,11.3,22.4,6.4,96,2384,TRHTSE_Found,15.82,12.29,SHT31_FOUND,38.55,39.41,DFROBOT1_FOUND,412,10.53408,Dry,DFROBOT2_FOUND,369,10.57869,Wet
04/07/2025 8:27,240540,,11.3,22.9,6.4,98,2434,TRHTSE_Found,16.1,12.33,ERROR,0,0,DFROBOT1_FOUND,414,10.54376,Dry,DFROBOT2_FOUND,376,10.61376,Wet
04/07/2025 8:42,241440,,11.3,23.6,6.4,100,2484,TRHTSE_Found,16.66,12.44,SHT31_FOUND,41.29,34.37,DFROBOT1_FOUND,424,10.59216,Dry,DFROBOT2_FOUND,378,10.62378,Wet
04/07/2025 8:57,242341,,11.3,24.3,6.4,103,2558,TRHTSE_Found,,12.53,SHT31_FOUND,43.02,31.63,DFROBOT1_FOUND,425,10.597,Dry,DFROBOT2_FOUND,374,10.60374,Wet
04/07/2025 9:12,243242,,11.3,25.1,6.4,106,2633,TRHTSE_Found,1.05,12.66,SHT31_FOUND,42.64,30.9,DFROBOT1_FOUND,432,10.63088,Dry,DFROBOT2_FOUND,383,10.64883,Dry
04/07/2025 9:27,244143,,11,25.9,6.3,109,2795,TRHTSE_Found,17.39,12.74,SHT31_FOUND,42.99,30.95,DFROBOT1_FOUND,434,10.64056,Dry,DFROBOT2_FOUND,384,10.65384,Dry
04/07/2025 9:42,245044,,11.3,26.7,6.4,113,2807,TRHTSE_Found,18.97,12.59,SHT31_FOUND,43.27,27.29,DFROBOT1_FOUND,434,10.64056,Dry,DFROBOT2_FOUND,393,10.69893,Dry
04/07/2025 9:57,245945,,11.3,27.4,6.4,116,2881,TRHTSE_Found,14.92,12.96,SHT31_FOUND,44.6,25.91,DFROBOT1_FOUND,443,10.68412,Dry,DFROBOT2_FOUND,393,10.69893,Dry
04/07/2025 10:12,246846,,11.3,28.1,6.4,120,2981,TRHTSE_Found,3.22,13.11,SHT31_FOUND,48.34,22.29,DFROBOT1_FOUND,466,10.79544,Dry,DFROBOT2_FOUND,398,10.72398,Dry
04/07/2025 10:27,247746,,11.5,28.8,6.5,122,2983,TRHTSE_Found,20.78,13.18,SHT31_FOUND,47.36,22.94,DFROBOT1_FOUND,462,10.77608,Dry,DFROBOT2_FOUND,405,10.75905,Dry
04/07/2025 10:42,248647,,11.3,29.4,6.4,126,3130,TRHTSE_Found,21.59,13.3,SHT31_FOUND,48.81,23.06,DFROBOT1_FOUND,458,10.75672,Dry,DFROBOT2_FOUND,410,10.7841,Dry
04/07/2025 10:58,249548,,11.7,30.1,6.6,129,3106,TRHTSE_Found,21.87,13.37,SHT31_FOUND,49.88,20.95,DFROBOT1_FOUND,461,10.77124,Dry,DFROBOT2_FOUND,421,10.83921,Dry
04/07/2025 11:13,250449,,11.7,30.7,6.6,133,3202,TRHTSE_Found,18.98,13.52,SHT31_FOUND,49.34,19.22,DFROBOT1_FOUND,481,10.86804,Dry,DFROBOT2_FOUND,426,10.86426,Dry
04/07/2025 11:28,251350,,11.7,31.5,6.6,137,3298,TRHTSE_Found,23.16,13.63,SHT31_FOUND,50.88,17.29,DFROBOT1_FOUND,476,10.84384,Dry,DFROBOT2_FOUND,426,10.86426,Dry
04/07/2025 11:43,252251,,11.7,32.3,6.6,140,3371,TRHTSE_Found,24.02,13.74,SHT31_FOUND,50.78,18.73,DFROBOT1_FOUND,482,10.87288,Dry,DFROBOT2_FOUND,441,10.93941,Dry
04/07/2025 11:58,253152,,11.7,33.2,6.6,144,3467,TRHTSE_Found,18.61,13.88,SHT31_FOUND,53.93,16.94,DFROBOT1_FOUND,495,10.9358,Dry,DFROBOT2_FOUND,455,11.00955,Dry
04/07/2025 12:13,254052,,11.8,34.1,6.7,149,3533,TRHTSE_Found,17.89,13.99,SHT31_FOUND,53.25,18.37,DFROBOT1_FOUND,504,10.97936,Dry,DFROBOT2_FOUND,452,10.99452,Dry
04/07/2025 12:28,254953,,11.8,35,6.7,153,3627,TRHTSE_Found,26.58,13.75,SHT31_FOUND,54.01,18.23,DFROBOT1_FOUND,528,11.09552,Dry,DFROBOT2_FOUND,457,11.01957,Dry
04/07/2025 12:43,255854,,12,35.9,6.7,157,3666,TRHTSE_Found,27.28,14.25,SHT31_FOUND,51.02,19.47,DFROBOT1_FOUND,532,11.11488,Dry,DFROBOT2_FOUND,465,11.05965,Dry
04/07/2025 12:58,256755,,11.8,36.6,6.7,161,3817,TRHTSE_Found,28.05,14.44,SHT31_FOUND,51.07,20.12,DFROBOT1_FOUND,533,11.11972,Dry,DFROBOT2_FOUND,480,11.1348,Dry
04/07/2025 13:13,257656,,12,37.4,6.7,165,3853,TRHTSE_Found,28.68,14.58,SHT31_FOUND,53.95,18.28,DFROBOT1_FOUND,542,11.16328,Dry,DFROBOT2_FOUND,477,11.11977,Dry
04/07/2025 13:28,258557,,12.2,38.2,6.8,169,3887,TRHTSE_Found,29.57,14.73,SHT31_FOUND,54.17,18.24,DFROBOT1_FOUND,547,11.18748,Dry,DFROBOT2_FOUND,484,11.15484,Dry
04/07/2025 13:43,259458,,12.3,38.8,6.9,173,3920,TRHTSE_Found,29.8,14.81,SHT31_FOUND,52.79,18.46,DFROBOT1_FOUND,544,11.17296,Dry,DFROBOT2_FOUND,501,11.24001,Dry
04/07/2025 13:58,260358,,12.3,39.5,6.9,176,3988,TRHTSE_Found,18.97,14.89,SHT31_FOUND,52.48,18.05,DFROBOT1_FOUND,547,11.18748,Dry,DFROBOT2_FOUND,514,11.30514,Dry
04/07/2025 14:13,261259,,12.2,40,6.8,179,4117,TRHTSE_Found,29.63,14.99,SHT31_FOUND,50.44,17.3,DFROBOT1_FOUND,547,11.18748,Dry,DFROBOT2_FOUND,535,11.41035,Dry
04/07/2025 14:28,262160,,12.2,40.3,6.8,182,4186,TRHTSE_Found,29.06,15.08,SHT31_FOUND,49.33,17.16,DFROBOT1_FOUND,552,11.21168,Dry,DFROBOT2_FOUND,549,11.48049,Dry
04/07/2025 14:43,263061,,12.3,40.7,6.9,184,4169,TRHTSE_Found,27.66,15.18,SHT31_FOUND,50.46,18.9,DFROBOT1_FOUND,549,11.19716,Dry,DFROBOT2_FOUND,554,11.50554,Dry
04/07/2025 14:58,263962,,12.5,41,7,186,4153,TRHTSE_Found,26.87,15.22,SHT31_FOUND,49.16,19.71,DFROBOT1_FOUND,552,11.21168,Dry,DFROBOT2_FOUND,557,11.52057,Dry
04/07/2025 15:13,264863,,12.5,40.8,7,187,4175,TRHTSE_Found,25.93,15.22,SHT31_FOUND,45.17,21.82,DFROBOT1_FOUND,548,11.19232,Dry,DFROBOT2_FOUND,554,11.50554,Dry
04/07/2025 15:28,265764,,12.2,40.6,6.8,187,4301,TRHTSE_Found,30.47,15.22,SHT31_FOUND,42.96,23.4,DFROBOT1_FOUND,551,11.20684,Dry,DFROBOT2_FOUND,555,11.51055,Dry
04/07/2025 15:43,266665,,12.2,40.1,6.8,188,4324,TRHTSE_Found,15.22,15.19,SHT31_FOUND,39.94,29.2,DFROBOT1_FOUND,545,11.1778,Dry,DFROBOT2_FOUND,558,11.52558,Dry
04/07/2025 15:58,267565,,12.2,39.9,6.8,186,4278,TRHTSE_Found,22.35,15.07,SHT31_FOUND,43.75,25.31,DFROBOT1_FOUND,553,11.21652,Dry,DFROBOT2_FOUND,556,11.51556,Dry
04/07/2025 16:13,268466,,12.7,39.3,7,185,4060,TRHTSE_Found,22.39,15.06,SHT31_FOUND,42.78,25.23,DFROBOT1_FOUND,549,11.19716,Dry,DFROBOT2_FOUND,552,11.49552,Dry
04/07/2025 16:28,269367,,12.3,38.9,6.9,185,4192,TRHTSE_Found,9.69,15.03,SHT31_FOUND,42.11,24.74,DFROBOT1_FOUND,550,11.202,Dry,DFROBOT2_FOUND,553,11.50053,Dry
04/07/2025 16:43,270268,,12.3,38.5,6.9,184,4169,TRHTSE_Found,26,14.96,SHT31_FOUND,44.02,23.3,DFROBOT1_FOUND,552,11.21168,Dry,DFROBOT2_FOUND,553,11.50053,Dry
04/07/2025 16:58,271169,,12.2,38.2,6.8,184,4232,TRHTSE_Found,29.97,14.68,SHT31_FOUND,41.15,26,DFROBOT1_FOUND,558,11.24072,Dry,DFROBOT2_FOUND,555,11.51055,Dry
04/07/2025 17:13,272070,,12,37.8,6.7,183,4273,TRHTSE_Found,26.47,14.88,SHT31_FOUND,41.73,26.35,DFROBOT1_FOUND,550,11.202,Dry,DFROBOT2_FOUND,546,11.46546,Dry
04/07/2025 17:28,272971,,12.3,37.6,6.9,182,4124,TRHTSE_Found,15.01,14.83,SHT31_FOUND,37.46,31.04,DFROBOT1_FOUND,550,11.202,Dry,DFROBOT2_FOUND,546,11.46546,Dry
04/07/2025 17:43,273871,,12,37.2,6.7,181,4227,TRHTSE_Found,29.29,14.41,SHT31_FOUND,33.86,35.03,DFROBOT1_FOUND,550,11.202,Dry,DFROBOT2_FOUND,549,11.48049,Dry
04/07/2025 17:58,274772,,12.2,36.8,6.8,179,4117,TRHTSE_Found,28.81,14.76,SHT31_FOUND,31.06,41.39,DFROBOT1_FOUND,545,11.1778,Dry,DFROBOT2_FOUND,553,11.50053,Dry
04/07/2025 18:13,275673,,12,36.2,6.7,176,4110,TRHTSE_Found,26.94,14.73,SHT31_FOUND,30.35,42.86,DFROBOT1_FOUND,545,11.1778,Dry,DFROBOT2_FOUND,576,11.61576,Unknown
04/07/2025 18:28,276574,,12.2,35.6,6.8,174,4002,TRHTSE_Found,27.37,14.57,SHT31_FOUND,29.36,44.5,DFROBOT1_FOUND,546,11.18264,Dry,DFROBOT2_FOUND,541,11.44041,Dry
04/07/2025 18:43,277475,,12.2,35,6.8,170,3910,TRHTSE_Found,25.01,14.47,SHT31_FOUND,28.67,46.05,DFROBOT1_FOUND,539,11.14876,Dry,DFROBOT2_FOUND,535,11.41035,Dry
04/07/2025 18:58,278376,,12,34.5,6.7,168,3923,TRHTSE_Found,25.83,14.43,SHT31_FOUND,27.94,48.43,DFROBOT1_FOUND,535,11.1294,Dry,DFROBOT2_FOUND,535,11.41035,Dry
